BID,DEPREDATION_METHOD,Trap,Prep
1,Cervical Dislocation,V-Top,Whole frozen
2,Cervical Dislocation,Fly-in-trap,Whole frozen
3,CO2?,Fly-in-trap,Whole frozen
4,Cervical Dislocation,V-Top,Whole Frozen
5,Found dead on the road,V-Top,Whole Frozen